{
    "CameraParameters": {
        "name": "Logitech C920",
        "id": 0,
        "type": 0,
        "resolution": {
            "width": 640,
            "height": 480
        },
        "intrinsic": [
            6.2358844756875726e+02, 0, 3.19501379528701e+02, 
            0, 6.2510924611650637e+02, 2.395453191051286e+02, 
            0, 0, 1
        ],
        "distortion": [
            5.0406145631272294e-03, -7.3194070034412229e-01, 8.8401137738982200e-03, 
            -4.1912068994392751e-03, 2.7609935737342024e+00
        ]
    }
}